Workbook

Sheet Client Master Data
A1: Client ID | B1: Name | C1: Country | D1: Risk Country | E1: Occupation | F1: Annual Income | G1: PEP (Yes/No) | H1: Account Type | I1: Customer Risk Score | J1: Geographic Risk Score
A2: 1001 | B2: Client_1 | C2: UK | D2: Low | E2: Trader | F2: 745590 | G2: No | H2: Current | I2: =IF(TRIM(LOWER(G2))="yes",40,IF(VALUE(F2)>1000000,20,10)) -> 10 | J2: =IF(OR(C2="UAE",C2="Nigeria"),30,IF(C2="USA",20,10)) -> 10
A3: 1002 | B3: Client_2 | C3: Nigeria | D3: High | E3: Consultant | F3: 715838 | G3: Yes | H3: Savings | I3: =IF(TRIM(LOWER(G3))="yes",40,IF(VALUE(F3)>1000000,20,10)) -> 40 | J3: =IF(OR(C3="UAE",C3="Nigeria"),30,IF(C3="USA",20,10)) -> 30
A4: 1003 | B4: Client_3 | C4: USA | D4: Medium | E4: Doctor | F4: 769997 | G4: Yes | H4: Savings | I4: =IF(TRIM(LOWER(G4))="yes",40,IF(VALUE(F4)>1000000,20,10)) -> 40 | J4: =IF(OR(C4="UAE",C4="Nigeria"),30,IF(C4="USA",20,10)) -> 20
A5: 1004 | B5: Client_4 | C5: India | D5: Low | E5: Doctor | F5: 341809 | G5: Yes | H5: Savings | I5: =IF(TRIM(LOWER(G5))="yes",40,IF(VALUE(F5)>1000000,20,10)) -> 40 | J5: =IF(OR(C5="UAE",C5="Nigeria"),30,IF(C5="USA",20,10)) -> 10
A6: 1005 | B6: Client_5 | C6: Nigeria | D6: High | E6: Trader | F6: 1066272 | G6: Yes | H6: Current | I6: =IF(TRIM(LOWER(G6))="yes",40,IF(VALUE(F6)>1000000,20,10)) -> 40 | J6: =IF(OR(C6="UAE",C6="Nigeria"),30,IF(C6="USA",20,10)) -> 30
A7: 1006 | B7: Client_6 | C7: UK | D7: Low | E7: Engineer | F7: 452611 | G7: Yes | H7: Savings | I7: =IF(TRIM(LOWER(G7))="yes",40,IF(VALUE(F7)>1000000,20,10)) -> 40 | J7: =IF(OR(C7="UAE",C7="Nigeria"),30,IF(C7="USA",20,10)) -> 10
A8: 1007 | B8: Client_7 | C8: UK | D8: Low | E8: Doctor | F8: 674973 | G8: Yes | H8: Current | I8: =IF(TRIM(LOWER(G8))="yes",40,IF(VALUE(F8)>1000000,20,10)) -> 40 | J8: =IF(OR(C8="UAE",C8="Nigeria"),30,IF(C8="USA",20,10)) -> 10
A9: 1008 | B9: Client_8 | C9: Nigeria | D9: High | E9: Trader | F9: 1646401 | G9: No | H9: Savings | I9: =IF(TRIM(LOWER(G9))="yes",40,IF(VALUE(F9)>1000000,20,10)) -> 20 | J9: =IF(OR(C9="UAE",C9="Nigeria"),30,IF(C9="USA",20,10)) -> 30
A10: 1009 | B10: Client_9 | C10: India | D10: Low | E10: Business | F10: 1006149 | G10: No | H10: Savings | I10: =IF(TRIM(LOWER(G10))="yes",40,IF(VALUE(F10)>1000000,20,10)) -> 20 | J10: =IF(OR(C10="UAE",C10="Nigeria"),30,IF(C10="USA",20,10)) -> 10
A11: 1010 | B11: Client_10 | C11: India | D11: Low | E11: Doctor | F11: 551844 | G11: Yes | H11: Savings | I11: =IF(TRIM(LOWER(G11))="yes",40,IF(VALUE(F11)>1000000,20,10)) -> 40 | J11: =IF(OR(C11="UAE",C11="Nigeria"),30,IF(C11="USA",20,10)) -> 10
A12: 1011 | B12: Client_11 | C12: UK | D12: Low | E12: Consultant | F12: 1288593 | G12: Yes | H12: Current | I12: =IF(TRIM(LOWER(G12))="yes",40,IF(VALUE(F12)>1000000,20,10)) -> 40 | J12: =IF(OR(C12="UAE",C12="Nigeria"),30,IF(C12="USA",20,10)) -> 10
A13: 1012 | B13: Client_12 | C13: USA | D13: Medium | E13: Trader | F13: 1708827 | G13: No | H13: Current | I13: =IF(TRIM(LOWER(G13))="yes",40,IF(VALUE(F13)>1000000,20,10)) -> 20 | J13: =IF(OR(C13="UAE",C13="Nigeria"),30,IF(C13="USA",20,10)) -> 20
... A551: 1550 | B551: Client_550 | C551: UK | D551: Low | E551: Engineer | F551: 755135 | G551: No | H551: Current | I551: =IF(TRIM(LOWER(G551))="yes",40,IF(VALUE(F551)>1000000,20,10)) -> 10 | J551: =IF(OR(C551="UAE",C551="Nigeria"),30,IF(C551="USA",20,10)) -> 10

Sheet Transaction Data
A1: Client ID | B1: Transaction ID | C1: Date | D1: Amount | E1: Transaction Type | F1: Country | G1: Flagged | H1: Transaction Risk Score | I1: Behavioral Risk Score | J1: Final Risk Score
A2: 1064 | B2: T0001 | C2: 2026-05-15 | D2: 387455 | E2: Transfer | F2: UK | G2: =IF(OR(D2>100000,F2="UAE",F2="Nigeria"),"Yes","No") -> Yes | H2: =IF(D2>100000,30,0)+IF(TRIM(LOWER(G2))="yes",40,0) -> 70 | I2: =IF(COUNTIF('Transaction Data'!A:A,A2)>5,20,0)+IF(COUNTIFS('Transaction Data'!A:A,A2,'Transaction Data'!G:G,"Yes")>2,30,0) -> 0 | J2: ='Client Master Data'!I2+'Client Master Data'!J2+H2+I2 -> 90
A3: 1261 | B3: T0002 | C3: 2026-02-15 | D3: 339381 | E3: Transfer | F3: India | G3: =IF(OR(D3>100000,F3="UAE",F3="Nigeria"),"Yes","No") -> Yes | H3: =IF(D3>100000,30,0)+IF(TRIM(LOWER(G3))="yes",40,0) -> 70 | I3: =IF(COUNTIF('Transaction Data'!A:A,A3)>5,20,0)+IF(COUNTIFS('Transaction Data'!A:A,A3,'Transaction Data'!G:G,"Yes")>2,30,0) -> 30 | J3: ='Client Master Data'!I3+'Client Master Data'!J3+H3+I3 -> 170
A4: 1192 | B4: T0003 | C4: 2026-06-15 | D4: 25045 | E4: Wire | F4: Nigeria | G4: =IF(OR(D4>100000,F4="UAE",F4="Nigeria"),"Yes","No") -> Yes | H4: =IF(D4>100000,30,0)+IF(TRIM(LOWER(G4))="yes",40,0) -> 40 | I4: =IF(COUNTIF('Transaction Data'!A:A,A4)>5,20,0)+IF(COUNTIFS('Transaction Data'!A:A,A4,'Transaction Data'!G:G,"Yes")>2,30,0) -> 30 | J4: ='Client Master Data'!I4+'Client Master Data'!J4+H4+I4 -> 130
A5: 1073 | B5: T0004 | C5: 2026-01-12 | D5: 254319 | E5: Wire | F5: Singapore | G5: =IF(OR(D5>100000,F5="UAE",F5="Nigeria"),"Yes","No") -> Yes | H5: =IF(D5>100000,30,0)+IF(TRIM(LOWER(G5))="yes",40,0) -> 70 | I5: =IF(COUNTIF('Transaction Data'!A:A,A5)>5,20,0)+IF(COUNTIFS('Transaction Data'!A:A,A5,'Transaction Data'!G:G,"Yes")>2,30,0) -> 30 | J5: ='Client Master Data'!I5+'Client Master Data'!J5+H5+I5 -> 150
A6: 1375 | B6: T0005 | C6: 2026-05-17 | D6: 78671 | E6: Wire | F6: UAE | G6: =IF(OR(D6>100000,F6="UAE",F6="Nigeria"),"Yes","No") -> Yes | H6: =IF(D6>100000,30,0)+IF(TRIM(LOWER(G6))="yes",40,0) -> 40 | I6: =IF(COUNTIF('Transaction Data'!A:A,A6)>5,20,0)+IF(COUNTIFS('Transaction Data'!A:A,A6,'Transaction Data'!G:G,"Yes")>2,30,0) -> 30 | J6: ='Client Master Data'!I6+'Client Master Data'!J6+H6+I6 -> 140
A7: 1512 | B7: T0006 | C7: 2026-01-11 | D7: 23880 | E7: Deposit | F7: Singapore | G7: =IF(OR(D7>100000,F7="UAE",F7="Nigeria"),"Yes","No") -> No | H7: =IF(D7>100000,30,0)+IF(TRIM(LOWER(G7))="yes",40,0) -> 0 | I7: =IF(COUNTIF('Transaction Data'!A:A,A7)>5,20,0)+IF(COUNTIFS('Transaction Data'!A:A,A7,'Transaction Data'!G:G,"Yes")>2,30,0) -> 30 | J7: ='Client Master Data'!I7+'Client Master Data'!J7+H7+I7 -> 80
A8: 1326 | B8: T0007 | C8: 2026-02-06 | D8: 478148 | E8: Wire | F8: UK | G8: =IF(OR(D8>100000,F8="UAE",F8="Nigeria"),"Yes","No") -> Yes | H8: =IF(D8>100000,30,0)+IF(TRIM(LOWER(G8))="yes",40,0) -> 70 | I8: =IF(COUNTIF('Transaction Data'!A:A,A8)>5,20,0)+IF(COUNTIFS('Transaction Data'!A:A,A8,'Transaction Data'!G:G,"Yes")>2,30,0) -> 0 | J8: ='Client Master Data'!I8+'Client Master Data'!J8+H8+I8 -> 120
A9: 1255 | B9: T0008 | C9: 2026-01-15 | D9: 356123 | E9: Wire | F9: India | G9: =IF(OR(D9>100000,F9="UAE",F9="Nigeria"),"Yes","No") -> Yes | H9: =IF(D9>100000,30,0)+IF(TRIM(LOWER(G9))="yes",40,0) -> 70 | I9: =IF(COUNTIF('Transaction Data'!A:A,A9)>5,20,0)+IF(COUNTIFS('Transaction Data'!A:A,A9,'Transaction Data'!G:G,"Yes")>2,30,0) -> 0 | J9: ='Client Master Data'!I9+'Client Master Data'!J9+H9+I9 -> 120
A10: 1352 | B10: T0009 | C10: 2026-05-14 | D10: 412128 | E10: Wire | F10: USA | G10: =IF(OR(D10>100000,F10="UAE",F10="Nigeria"),"Yes","No") -> Yes | H10: =IF(D10>100000,30,0)+IF(TRIM(LOWER(G10))="yes",40,0) -> 70 | I10: =IF(COUNTIF('Transaction Data'!A:A,A10)>5,20,0)+IF(COUNTIFS('Transaction Data'!A:A,A10,'Transaction Data'!G:G,"Yes")>2,30,0) -> 0 | J10: ='Client Master Data'!I10+'Client Master Data'!J10+H10+I10 -> 100
A11: 1357 | B11: T0010 | C11: 2026-01-30 | D11: 113778 | E11: Transfer | F11: USA | G11: =IF(OR(D11>100000,F11="UAE",F11="Nigeria"),"Yes","No") -> Yes | H11: =IF(D11>100000,30,0)+IF(TRIM(LOWER(G11))="yes",40,0) -> 70 | I11: =IF(COUNTIF('Transaction Data'!A:A,A11)>5,20,0)+IF(COUNTIFS('Transaction Data'!A:A,A11,'Transaction Data'!G:G,"Yes")>2,30,0) -> 30 | J11: ='Client Master Data'!I11+'Client Master Data'!J11+H11+I11 -> 150
A12: 1213 | B12: T0011 | C12: 2026-02-09 | D12: 283713 | E12: Transfer | F12: Nigeria | G12: =IF(OR(D12>100000,F12="UAE",F12="Nigeria"),"Yes","No") -> Yes | H12: =IF(D12>100000,30,0)+IF(TRIM(LOWER(G12))="yes",40,0) -> 70 | I12: =IF(COUNTIF('Transaction Data'!A:A,A12)>5,20,0)+IF(COUNTIFS('Transaction Data'!A:A,A12,'Transaction Data'!G:G,"Yes")>2,30,0) -> 50 | J12: ='Client Master Data'!I12+'Client Master Data'!J12+H12+I12 -> 170
A13: 1124 | B13: T0012 | C13: 2026-06-21 | D13: 45064 | E13: Transfer | F13: Singapore | G13: =IF(OR(D13>100000,F13="UAE",F13="Nigeria"),"Yes","No") -> No | H13: =IF(D13>100000,30,0)+IF(TRIM(LOWER(G13))="yes",40,0) -> 0 | I13: =IF(COUNTIF('Transaction Data'!A:A,A13)>5,20,0)+IF(COUNTIFS('Transaction Data'!A:A,A13,'Transaction Data'!G:G,"Yes")>2,30,0) -> 0 | J13: ='Client Master Data'!I13+'Client Master Data'!J13+H13+I13 -> 40
... A1001: 1331 | B1001: T1000 | C1001: 2026-03-07 | D1001: 288623 | E1001: Deposit | F1001: UK | G1001: =IF(OR(D1001>100000,F1001="UAE",F1001="Nigeria"),"Yes","No") -> Yes | H1001: =IF(D1001>100000,30,0)+IF(TRIM(LOWER(G1001))="yes",40,0) -> 70 | I1001: =IF(COUNTIF('Transaction Data'!A:A,A1001)>5,20,0)+IF(COUNTIFS('Transaction Data'!A:A,A1001,'Transaction Data'!G:G,"Yes")>2,30,0) -> 30 | J1001: ='Client Master Data'!I1001+'Client Master Data'!J1001+H1001+I1001 -> 100

Sheet KYC Tracker
A1: Client ID | B1: KYC Status | C1: Documents Missing (Yes/No) | D1: Last Updated | E1: Risk Score | F1: Risk Category
A2: 1001 | B2: Pending | C2: Yes | D2: 2026-03-24 | E2: =IF(VLOOKUP(A2,'Client Master Data'!A:G,4,FALSE)="High",30,IF(VLOOKUP(A2,'Client Master Data'!A:G,4,FALSE)="Medium",20,10))+IF(VLOOKUP(A2,'Client Master Data'!A:G,7,FALSE)="Yes",40,0)+IF(C2="Yes",10,0) -> 20 | F2: =IF(E2<=30,"Low",IF(E2<=70,"Medium","High")) -> Low
A3: 1002 | B3: Completed | C3: No | D3: 2026-06-09 | E3: =IF(VLOOKUP(A3,'Client Master Data'!A:G,4,FALSE)="High",30,IF(VLOOKUP(A3,'Client Master Data'!A:G,4,FALSE)="Medium",20,10))+IF(VLOOKUP(A3,'Client Master Data'!A:G,7,FALSE)="Yes",40,0)+IF(C3="Yes",10,0) -> 70 | F3: =IF(E3<=30,"Low",IF(E3<=70,"Medium","High")) -> Medium
A4: 1003 | B4: In Progress | C4: No | D4: 2026-03-24 | E4: =IF(VLOOKUP(A4,'Client Master Data'!A:G,4,FALSE)="High",30,IF(VLOOKUP(A4,'Client Master Data'!A:G,4,FALSE)="Medium",20,10))+IF(VLOOKUP(A4,'Client Master Data'!A:G,7,FALSE)="Yes",40,0)+IF(C4="Yes",10,0) -> 60 | F4: =IF(E4<=30,"Low",IF(E4<=70,"Medium","High")) -> Medium
A5: 1004 | B5: Completed | C5: Yes | D5: 2026-04-10 | E5: =IF(VLOOKUP(A5,'Client Master Data'!A:G,4,FALSE)="High",30,IF(VLOOKUP(A5,'Client Master Data'!A:G,4,FALSE)="Medium",20,10))+IF(VLOOKUP(A5,'Client Master Data'!A:G,7,FALSE)="Yes",40,0)+IF(C5="Yes",10,0) -> 60 | F5: =IF(E5<=30,"Low",IF(E5<=70,"Medium","High")) -> Medium
A6: 1005 | B6: Pending | C6: Yes | D6: 2026-05-04 | E6: =IF(VLOOKUP(A6,'Client Master Data'!A:G,4,FALSE)="High",30,IF(VLOOKUP(A6,'Client Master Data'!A:G,4,FALSE)="Medium",20,10))+IF(VLOOKUP(A6,'Client Master Data'!A:G,7,FALSE)="Yes",40,0)+IF(C6="Yes",10,0) -> 80 | F6: =IF(E6<=30,"Low",IF(E6<=70,"Medium","High")) -> High
A7: 1006 | B7: Completed | C7: Yes | D7: 2026-06-13 | E7: =IF(VLOOKUP(A7,'Client Master Data'!A:G,4,FALSE)="High",30,IF(VLOOKUP(A7,'Client Master Data'!A:G,4,FALSE)="Medium",20,10))+IF(VLOOKUP(A7,'Client Master Data'!A:G,7,FALSE)="Yes",40,0)+IF(C7="Yes",10,0) -> 60 | F7: =IF(E7<=30,"Low",IF(E7<=70,"Medium","High")) -> Medium
A8: 1007 | B8: Pending | C8: Yes | D8: 2026-04-12 | E8: =IF(VLOOKUP(A8,'Client Master Data'!A:G,4,FALSE)="High",30,IF(VLOOKUP(A8,'Client Master Data'!A:G,4,FALSE)="Medium",20,10))+IF(VLOOKUP(A8,'Client Master Data'!A:G,7,FALSE)="Yes",40,0)+IF(C8="Yes",10,0) -> 60 | F8: =IF(E8<=30,"Low",IF(E8<=70,"Medium","High")) -> Medium
A9: 1008 | B9: Pending | C9: No | D9: 2026-04-29 | E9: =IF(VLOOKUP(A9,'Client Master Data'!A:G,4,FALSE)="High",30,IF(VLOOKUP(A9,'Client Master Data'!A:G,4,FALSE)="Medium",20,10))+IF(VLOOKUP(A9,'Client Master Data'!A:G,7,FALSE)="Yes",40,0)+IF(C9="Yes",10,0) -> 30 | F9: =IF(E9<=30,"Low",IF(E9<=70,"Medium","High")) -> Low
A10: 1009 | B10: Completed | C10: Yes | D10: 2026-03-18 | E10: =IF(VLOOKUP(A10,'Client Master Data'!A:G,4,FALSE)="High",30,IF(VLOOKUP(A10,'Client Master Data'!A:G,4,FALSE)="Medium",20,10))+IF(VLOOKUP(A10,'Client Master Data'!A:G,7,FALSE)="Yes",40,0)+IF(C10="Yes",10,0) -> 20 | F10: =IF(E10<=30,"Low",IF(E10<=70,"Medium","High")) -> Low
A11: 1010 | B11: In Progress | C11: No | D11: 2026-02-12 | E11: =IF(VLOOKUP(A11,'Client Master Data'!A:G,4,FALSE)="High",30,IF(VLOOKUP(A11,'Client Master Data'!A:G,4,FALSE)="Medium",20,10))+IF(VLOOKUP(A11,'Client Master Data'!A:G,7,FALSE)="Yes",40,0)+IF(C11="Yes",10,0) -> 50 | F11: =IF(E11<=30,"Low",IF(E11<=70,"Medium","High")) -> Medium
A12: 1011 | B12: In Progress | C12: Yes | D12: 2026-02-26 | E12: =IF(VLOOKUP(A12,'Client Master Data'!A:G,4,FALSE)="High",30,IF(VLOOKUP(A12,'Client Master Data'!A:G,4,FALSE)="Medium",20,10))+IF(VLOOKUP(A12,'Client Master Data'!A:G,7,FALSE)="Yes",40,0)+IF(C12="Yes",10,0) -> 60 | F12: =IF(E12<=30,"Low",IF(E12<=70,"Medium","High")) -> Medium
A13: 1012 | B13: Completed | C13: No | D13: 2026-01-29 | E13: =IF(VLOOKUP(A13,'Client Master Data'!A:G,4,FALSE)="High",30,IF(VLOOKUP(A13,'Client Master Data'!A:G,4,FALSE)="Medium",20,10))+IF(VLOOKUP(A13,'Client Master Data'!A:G,7,FALSE)="Yes",40,0)+IF(C13="Yes",10,0) -> 20 | F13: =IF(E13<=30,"Low",IF(E13<=70,"Medium","High")) -> Low
... A551: 1550 | B551: In Progress | C551: Yes | D551: 2026-06-01 | E551: =IF(VLOOKUP(A551,'Client Master Data'!A:G,4,FALSE)="High",30,IF(VLOOKUP(A551,'Client Master Data'!A:G,4,FALSE)="Medium",20,10))+IF(VLOOKUP(A551,'Client Master Data'!A:G,7,FALSE)="Yes",40,0)+IF(C551="Yes",10,0) -> 20 | F551: =IF(E551<=30,"Low",IF(E551<=70,"Medium","High")) -> Low
